"ville;CP;Latitude ville;Longitude ville"
"Paris  ;75000;48.86080;2.34580"
"Paris  10e arrondissement;75010;48.87190;2.35740"
"Paris 11e arrondissement;75011;48.85846;2.37959"
"Paris 12e arrondissement;75012;48.84099;2.38794"
"Paris13e arrondissement;75013;48.83234;2.35551"
"Paris 14e arrondissement;75014;48.83292;2.32680"
"Paris  15e arrondissement;75015;48.84132;2.30024"
"Paris 16e arrondissement;75016;48.86278;2.27611"
"Paris17e arrondissement;75017;48.88435;2.32207"
"Paris 18e arrondissement;75018;48.89234;2.34455"
"Paris 19e arrondissement;75019;48.88277;2.38203"
"Paris  1er arrondissement;75001;48.85995;2.34206"
"Paris 20e arrondissement;75020;48.86510;2.39903"
"Paris 2e arrondissement;75002;48.86689;2.34047"
"Paris  3e arrondissement;75003;48.86403;2.36153"
"Paris 4e arrondissement;75004;48.85619;2.35568"
"Paris 5e arrondissement;75005;48.84620;2.34462"
"Paris 6e arrondissement;75006;48.85057;2.33273"
"Paris 7e arrondissement;75007;48.85690;2.31995"
"Paris  8e arrondissement;75008;48.87782;2.31781"
"Paris  9e arrondissement;75009;48.87248;2.34042"
"Achères-la-Forêt;77760;48.35361;2.57028"
"Amillis;77120;48.74028;3.13056"
"Amponville;77760;48.27889;2.52944"
"Andrezel;77390;48.61111;2.81361"
"Annet-sur-Marne;77410;48.92694;2.71972"
"Arbonne-la-Forêt;77630;48.41361;2.56444"
"Argentières;77390;48.65445;2.87028"
"Armentières-en-Brie;77440;48.97833;3.02056"
"Arville;77890;48.18694;2.54972"
"Aubepierre-Ozouer-le-Repos;77720;48.63083;2.88722"
"Aufferville;77570;48.21417;2.61000"
"Augers-en-Brie;77560;48.68028;3.35861"
"Aulnoy;77120;48.84167;3.09611"
"Avon;77210;48.40778;2.72361"
"Baby;77480;48.39722;3.34194"
"Bagneaux-sur-Loing;77167;48.22889;2.70556"
"Bailly-Romainvilliers;77700;48.84028;2.81139"
"Balloy;77118;48.39722;3.14722"
"Bannost-Villegagnon;77970;48.67805;3.19250"
"Barbey;77130;48.36500;3.05694"
"Barbizon;77630;48.44695;2.60278"
"Barcy;77910;49.01778;2.88111"
"Bassevelle;77750;48.92833;3.28778"
"Bazoches-lès-Bray;77118;48.39944;3.18917"
"Beauchery-Saint-Martin;77560;48.61500;3.40417"
"Beaumont-du-Gâtinais;77890;48.13611;2.47556"
"Beautheil-Saints;77120;48.75861;3.05083"
"Beauvoir;77390;48.64528;2.86417"
"Bellot;77510;48.85722;3.31917"
"Bernay-Vilbert;77540;48.67694;2.93833"
"Beton-Bazoches;77320;48.70167;3.24500"
"Bezalles;77970;48.67833;3.24389"
"Blandy;77115;48.56583;2.78250"
"Blennes;77940;48.25722;3.02417"
"Bois-le-Roi;77590;48.46972;2.70639"
"Boisdon;77970;48.68444;3.22500"
"Boissettes;77350;48.52139;2.61056"
"Boissise-la-Bertrand;77350;48.52750;2.58861"
"Boissise-le-Roi;77310;48.52806;2.57306"
"Boissy-aux-Cailles;77760;48.31944;2.50389"
"Boissy-le-Châtel;77169;48.82083;3.13861"
"Boitron;77750;48.89611;3.26167"
"Bombon;77720;48.57361;2.85944"
"Bougligny;77570;48.19500;2.65750"
"Boulancourt;77760;48.25750;2.43500"
"Bouleurs;77580;48.88278;2.90778"
"Bourron-Marlotte;77780;48.33944;2.70083"
"Boutigny;77470;48.92000;2.93028"
"Bransles;77620;48.15167;2.83333"
"Bray-sur-Seine;77480;48.41556;3.24111"
"Bréau;77720;48.56139;2.87917"
"Brie-Comte-Robert;77170;48.69111;2.61167"
"la Brosse-Montceaux;77940;48.34306;3.02083"
"Brou-sur-Chantereine;77177;48.88278;2.63250"
"Burcy;77890;48.23833;2.52250"
"Bussières;77750;48.92194;3.23472"
"Bussy-Saint-Georges;77600;48.84222;2.69833"
"Bussy-Saint-Martin;77600;48.85000;2.69250"
"Buthiers;77760;48.28528;2.42861"
"Cannes-Écluse;77130;48.36361;2.98556"
"Carnetin;77400;48.90111;2.70528"
"la Celle-sur-Morin;77515;48.80639;2.96750"
"Cély;77930;48.46028;2.53889"
"Cerneux;77320;48.69389;3.34639"
"Cesson;77240;48.56333;2.60528"
"Cessoy-en-Montois;77520;48.50500;3.14806"
"Chailly-en-Bière;77930;48.46695;2.60750"
"Chailly-en-Brie;77120;48.79028;3.12472"
"Chaintreaux;77460;48.19889;2.82056"
"Chalautre-la-Grande;77171;48.54222;3.46083"
"Chalautre-la-Petite;77160;48.52806;3.31472"
"Chalifert;77144;48.88806;2.77278"
"Chalmaison;77650;48.48167;3.25111"
"Chambry;77910;48.99833;2.89417"
"Chamigny;77260;48.97445;3.15194"
"Champagne-sur-Seine;77430;48.39556;2.79583"
"Champcenest;77560;48.67028;3.28333"
"Champdeuil;77390;48.62056;2.73167"
"Champeaux;77720;48.58444;2.80694"
"Champs-sur-Marne;77420;48.85167;2.60167"
"Changis-sur-Marne;77660;48.95694;3.01583"
"Chanteloup-en-Brie;77600;48.85639;2.73917"
"la Chapelle-Gauthier;77720;48.54917;2.89889"
"la Chapelle-Iger;77540;48.65278;2.98972"
"la Chapelle-la-Reine;77760;48.31694;2.56917"
"la Chapelle-Moutils;77320;48.77500;3.39139"
"la Chapelle-Rablais;77370;48.50833;2.94667"
"la Chapelle-Saint-Sulpice;77160;48.55500;3.17889"
"les Chapelles-Bourbon;77610;48.74139;2.84139"
"Charmentray;77410;48.94611;2.77611"
"Charny;77410;48.97028;2.76167"
"Chartrettes;77590;48.49000;2.70056"
"Chartronges;77320;48.74639;3.26972"
"Château-Landon;77570;48.14861;2.70194"
"Châteaubleau;77370;48.58833;3.10944"
"le Châtelet-en-Brie;77820;48.50528;2.79333"
"Châtenay-sur-Seine;77126;48.42083;3.10000"
"Châtenoy;77167;48.23250;2.62694"
"Châtillon-la-Borde;77820;48.54333;2.80944"
"Châtres;77610;48.71056;2.80972"
"Chauconin-Neufmontiers;77124;48.97583;2.83861"
"Chauffry;77169;48.81306;3.18222"
"Chaumes-en-Brie;77390;48.66583;2.84250"
"Chelles;77500;48.87722;2.57833"
"Chenoise-Cucharmoy;77160;48.61583;3.19556"
"Chenou;77570;48.16556;2.65861"
"Chessy;77700;48.88055;2.76444"
"Chevrainvilliers;77760;48.24417;2.61500"
"Chevru;77320;48.73639;3.19694"
"Chevry-Cossigny;77173;48.72417;2.65806"
"Chevry-en-Sereine;77710;48.25278;2.94361"
"Choisy-en-Brie;77320;48.75889;3.21944"
"Citry;77730;48.96806;3.24083"
"Claye-Souilly;77410;48.94333;2.68861"
"Clos-Fontaine;77370;48.60722;3.01722"
"Cocherel;77440;49.02083;3.10194"
"Collégien;77090;48.83833;2.67139"
"Combs-la-Ville;77380;48.66528;2.55167"
"Compans;77290;48.99472;2.66444"
"Conches-sur-Gondoire;77600;48.85583;2.71528"
"Condé-Sainte-Libiaire;77450;48.89694;2.83194"
"Congis-sur-Thérouanne;77440;49.00611;2.97889"
"Coubert;77170;48.67139;2.69778"
"Couilly-Pont-aux-Dames;77860;48.88556;2.85972"
"Coulombs-en-Valois;77840;49.06917;3.12778"
"Coulommes;77580;48.89083;2.93111"
"Coulommiers;77120;48.81667;3.08500"
"Coupvray;77700;48.89250;2.79389"
"Courcelles-en-Bassée;77126;48.40944;3.05472"
"Courchamp;77560;48.63778;3.28722"
"Courpalay;77540;48.64750;2.95889"
"Courquetaine;77390;48.67694;2.74722"
"Courtacon;77560;48.69611;3.29250"
"Courtomer;77390;48.65389;2.90333"
"Courtry;77181;48.91806;2.60361"
"Coutençon;77154;48.47055;2.99694"
"Coutevroult;77580;48.86306;2.85222"
"Crécy-la-Chapelle;77580;48.85750;2.91194"
"Crégy-lès-Meaux;77124;48.97944;2.87694"
"Crèvecœur-en-Brie;77610;48.75389;2.90778"
"Crisenoy;77390;48.59722;2.74556"
"Croissy-Beaubourg;77183;48.82944;2.66000"
"la Croix-en-Brie;77370;48.59333;3.07528"
"Crouy-sur-Ourcq;77840;49.09028;3.07694"
"Cuisy;77165;49.01944;2.77389"
"Dagny;77320;48.71778;3.17278"
"Dammarie-les-Lys;77190;48.52722;2.64000"
"Dammartin-en-Goële;77230;49.05333;2.67944"
"Dammartin-sur-Tigeaux;77163;48.81750;2.92333"
"Dampmart;77400;48.88667;2.73583"
"Darvault;77140;48.27056;2.73611"
"Dhuisy;77440;49.03944;3.16139"
"Diant;77940;48.28083;2.99306"
"Donnemarie-Dontilly;77520;48.47583;3.12722"
"Dormelles;77130;48.31583;2.90139"
"Doue;77510;48.86555;3.16472"
"Douy-la-Ramée;77139;49.06611;2.88250"
"Échouboulains;77830;48.46472;2.94611"
"les Écrennes;77820;48.50444;2.85833"
"Égligny;77126;48.42694;3.12083"
"Égreville;77620;48.17556;2.87278"
"Émerainville;77184;48.81250;2.62028"
"Esbly;77450;48.90667;2.81250"
"Esmans;77940;48.34917;2.97694"
"Étrépilly;77139;49.03472;2.93222"
"Everly;77157;48.46639;3.25083"
"Évry-Grégy-sur-Yerre;77166;48.65278;2.63500"
"Faremoutiers;77515;48.79972;2.99778"
"Favières;77220;48.76306;2.77528"
"Faÿ-lès-Nemours;77167;48.23250;2.68583"
"Féricy;77133;48.45944;2.80139"
"Férolles-Attilly;77150;48.73222;2.62833"
"Ferrières-en-Brie;77164;48.82306;2.70833"
"la Ferté-Gaucher;77320;48.78250;3.30528"
"la Ferté-sous-Jouarre;77260;48.95028;3.12750"
"Flagy;77940;48.31167;2.92194"
"Fleury-en-Bière;77930;48.45111;2.54917"
"Fontaine-Fourches;77480;48.41222;3.39556"
"Fontaine-le-Port;77590;48.48611;2.76389"
"Fontainebleau;77300;48.40805;2.69944"
"Fontains;77370;48.52583;3.00278"
"Fontenailles;77370;48.55639;2.95556"
"Fontenay-Trésigny;77610;48.70750;2.86417"
"Forfry;77165;49.05722;2.84889"
"Forges;77130;48.41833;2.96111"
"Fouju;77390;48.58556;2.77806"
"Fresnes-sur-Marne;77410;48.93750;2.74111"
"Frétoy;77320;48.70389;3.19889"
"Fromont;77760;48.25472;2.50278"
"Fublaines;77470;48.93750;2.93639"
"Garentreville;77890;48.23556;2.54917"
"Gastins;77370;48.62944;3.02167"
"la Genevraye;77690;48.31972;2.74667"
"Germigny-l'Évêque;77910;48.99194;2.94528"
"Germigny-sous-Coulombs;77840;49.06361;3.15972"
"Gesvres-le-Chapitre;77165;49.04389;2.85222"
"Giremoutiers;77120;48.84306;3.03056"
"Gironville;77890;48.18583;2.52861"
"Gouaix;77114;48.48444;3.29556"
"Gouvernes;77400;48.86056;2.69167"
"la Grande-Paroisse;77130;48.38694;2.89778"
"Grandpuits-Bailly-Carrois;77720;48.58500;2.96611"
"Gravon;77118;48.39833;3.12028"
"Gressy;77410;48.96556;2.67389"
"Gretz-Armainvilliers;77220;48.74083;2.73222"
"Grez-sur-Loing;77880;48.31694;2.69111"
"Grisy-Suisnes;77166;48.68528;2.66861"
"Grisy-sur-Seine;77480;48.43889;3.32000"
"Guérard;77580;48.82361;2.95917"
"Guercheville;77760;48.25917;2.55806"
"Guermantes;77600;48.85472;2.70417"
"Guignes;77390;48.63722;2.79750"
"Gurcy-le-Châtel;77520;48.47028;3.09194"
"la Haute-Maison;77580;48.88194;3.00250"
"Hautefeuille;77515;48.76611;2.96833"
"Héricy;77850;48.44667;2.76250"
"Hermé;77114;48.48167;3.34389"
"Hondevilliers;77510;48.89944;3.30917"
"la Houssaye-en-Brie;77610;48.75389;2.87417"
"Ichy;77890;48.20167;2.54917"
"Isles-les-Meldeuses;77440;48.99833;3.00472"
"Isles-lès-Villenoy;77450;48.91167;2.82833"
"Iverny;77165;48.99944;2.79000"
"Jablines;77450;48.91694;2.76194"
"Jaignes;77440;48.99083;3.05361"
"Jaulnes;77480;48.41778;3.27361"
"Jossigny;77600;48.83805;2.75306"
"Jouarre;77640;48.92750;3.12889"
"Jouy-le-Châtel;77970;48.66722;3.12972"
"Jouy-sur-Morin;77320;48.79528;3.27250"
"Juilly;77230;49.01250;2.70694"
"Jutigny;77650;48.49861;3.23333"
"Lagny-sur-Marne;77400;48.87278;2.70972"
"Larchant;77760;48.28417;2.59611"
"Laval-en-Brie;77148;48.42389;2.99778"
"Léchelle;77171;48.57722;3.39111"
"Lescherolles;77320;48.76333;3.34611"
"Lesches;77450;48.90750;2.77917"
"Lésigny;77150;48.74417;2.61639"
"Leudon-en-Brie;77320;48.73417;3.27139"
"Lieusaint;77127;48.63139;2.55250"
"Limoges-Fourches;77550;48.62695;2.66556"
"Lissy;77550;48.62695;2.69611"
"Liverdy-en-Brie;77220;48.70028;2.77611"
"Livry-sur-Seine;77000;48.51222;2.68583"
"Lizines;77650;48.52639;3.17944"
"Lizy-sur-Ourcq;77440;49.02417;3.02222"
"Lognes;77185;48.83528;2.63000"
"Longperrier;77230;49.05222;2.65944"
"Longueville;77650;48.51389;3.24639"
"Lorrez-le-Bocage-Préaux;77710;48.23639;2.90167"
"Louan-Villegruis-Fontaine;77560;48.62556;3.48000"
"Luisetaines;77520;48.46722;3.18111"
"Lumigny-Nesles-Ormeaux;77540;48.73750;2.95278"
"Luzancy;77138;48.97222;3.18750"
"Machault;77133;48.45528;2.83028"
"la Madeleine-sur-Loing;77570;48.20333;2.70667"
"Magny-le-Hongre;77700;48.86306;2.81333"
"Maincy;77950;48.55028;2.70111"
"Maison-Rouge;77370;48.55889;3.15056"
"Maisoncelles-en-Brie;77580;48.86333;2.99222"
"Maisoncelles-en-Gâtinais;77570;48.18722;2.62556"
"Marchémoret;77230;49.04972;2.77167"
"Marcilly;77139;49.03611;2.88194"
"les Marêts;77560;48.67083;3.31333"
"Mareuil-lès-Meaux;77100;48.92583;2.86000"
"Marles-en-Brie;77610;48.72833;2.87944"
"Marolles-en-Brie;77120;48.77806;3.16500"
"Marolles-sur-Seine;77130;48.38528;3.03194"
"Mary-sur-Marne;77440;49.01444;3.02944"
"Mauperthuis;77120;48.76861;3.03944"
"Mauregard;77990;49.03250;2.58167"
"May-en-Multien;77145;49.07250;3.02361"
"Meaux;77100;48.95889;2.88778"
"le Mée-sur-Seine;77350;48.53333;2.62889"
"Meigneux;77520;48.51167;3.10556"
"Meilleray;77320;48.79028;3.42611"
"Melun   ;77000;48.54056;2.65722"
"Melz-sur-Seine;77171;48.49805;3.41806"
"Méry-sur-Marne;77730;48.96639;3.19944"
"le Mesnil-Amelot;77990;49.01667;2.59472"
"Messy;77410;48.96695;2.70250"
"Misy-sur-Yonne;77130;48.36000;3.09194"
"Mitry-Mory;77290;48.98333;2.61778"
"Moisenay;77950;48.56278;2.73611"
"Moissy-Cramayel;77550;48.62722;2.59444"
"Mondreville;77570;48.14194;2.61056"
"Mons-en-Montois;77520;48.48889;3.14722"
"Montceaux-lès-Meaux;77470;48.94278;2.98722"
"Montceaux-lès-Provins;77151;48.69417;3.43944"
"Montcourt-Fromonville;77140;48.30472;2.70444"
"Montdauphin;77320;48.85194;3.42833"
"Montenils;77320;48.84389;3.47750"
"Montereau-Fault-Yonne;77130;48.38528;2.95083"
"Montereau-sur-le-Jard;77950;48.59167;2.66972"
"Montévrain;77144;48.87500;2.74500"
"Montgé-en-Goële;77230;49.02806;2.74833"
"Monthyon;77122;49.00694;2.82778"
"Montigny-le-Guesdier;77480;48.38333;3.25556"
"Montigny-Lencoup;77520;48.45278;3.06417"
"Montigny-sur-Loing;77690;48.33361;2.74500"
"Montmachoux;77940;48.31805;2.99250"
"Montolivet;77320;48.83000;3.44028"
"Montry;77450;48.88833;2.82722"
"Moret-Loing-et-Orvanne;77250;48.37139;2.81444"
"Mormant;77720;48.60806;2.89167"
"Mortcerf;77163;48.79028;2.91750"
"Mortery;77160;48.59917;3.26111"
"Mouroux;77120;48.82222;3.03806"
"Mousseaux-lès-Bray;77480;48.41083;3.22917"
"Moussy-le-Neuf;77230;49.06333;2.60444"
"Moussy-le-Vieux;77230;49.04500;2.62583"
"Mouy-sur-Seine;77480;48.41972;3.24194"
"Nandy;77176;48.58167;2.56500"
"Nangis;77370;48.55944;3.01139"
"Nanteau-sur-Essonne;77760;48.31583;2.41722"
"Nanteau-sur-Lunain;77710;48.25611;2.81056"
"Nanteuil-lès-Meaux;77100;48.92250;2.90667"
"Nanteuil-sur-Marne;77730;48.98139;3.21972"
"Nantouillet;77230;49.00222;2.70417"
"Nemours;77140;48.26972;2.69556"
"Neufmoutiers-en-Brie;77610;48.76750;2.83111"
"Noisiel;77186;48.85500;2.62806"
"Noisy-Rudignon;77940;48.33556;2.93083"
"Noisy-sur-École;77123;48.36722;2.50778"
"Nonville;77140;48.28194;2.79333"
"Noyen-sur-Seine;77114;48.45167;3.35111"
"Obsonville;77890;48.21667;2.56111"
"Ocquerre;77440;49.03750;3.05944"
"Oissery;77178;49.06972;2.81889"
"Orly-sur-Morin;77750;48.90445;3.23028"
"les Ormes-sur-Voulzie;77134;48.46278;3.22861"
"Ormesson;77167;48.24333;2.65472"
"Othis;77280;49.07556;2.67611"
"Ozoir-la-Ferrière;77330;48.76167;2.67278"
"Ozouer-le-Voulgis;77390;48.66028;2.77472"
"Paley;77710;48.24055;2.86139"
"Pamfou;77830;48.46222;2.87194"
"Paroy;77520;48.47944;3.20083"
"Passy-sur-Seine;77480;48.42500;3.34944"
"Pécy;77970;48.65667;3.07917"
"Penchard;77124;48.98611;2.86056"
"Perthes;77930;48.47778;2.55361"
"Pézarches;77131;48.73750;2.99306"
"Pierre-Levée;77580;48.89972;3.03833"
"le Pin;77181;48.91444;2.62972"
"le Plessis-aux-Bois;77165;49.00250;2.76944"
"le Plessis-Feu-Aussoux;77540;48.71611;3.03444"
"le Plessis-l'Évêque;77165;49.00722;2.78528"
"le Plessis-Placy;77440;49.05722;2.98944"
"Poigny;77160;48.53889;3.28333"
"Poincy;77470;48.96972;2.93639"
"Poligny;77167;48.22417;2.74583"
"Pommeuse;77515;48.81722;3.01722"
"Pomponne;77400;48.88083;2.67917"
"Pontault-Combault;77340;48.80222;2.60694"
"Pontcarré;77135;48.80000;2.70528"
"Précy-sur-Marne;77410;48.93083;2.77528"
"Presles-en-Brie;77220;48.71583;2.74222"
"Pringy;77310;48.52194;2.55972"
"Provins;77160;48.56194;3.30083"
"Puisieux;77139;49.06583;2.91667"
"Quiers;77720;48.60611;2.97139"
"Quincy-Voisins;77860;48.89833;2.88333"
"Rampillon;77370;48.54972;3.06583"
"Réau;77550;48.61028;2.62444"
"Rebais;77510;48.84750;3.23278"
"Recloses;77760;48.34639;2.64167"
"Remauville;77710;48.21111;2.82556"
"Reuil-en-Brie;77260;48.96083;3.14667"
"la Rochette;77000;48.52306;2.65972"
"Roissy-en-Brie;77680;48.79056;2.65194"
"Rouilly;77160;48.59222;3.27806"
"Rouvres;77230;49.06167;2.71806"
"Rozay-en-Brie;77540;48.68389;2.95917"
"Rubelles;77950;48.56111;2.68028"
"Rumont;77760;48.26556;2.49806"
"Rupéreux;77560;48.63639;3.32944"
"Saâcy-sur-Marne;77730;48.96167;3.20972"
"Sablonnières;77510;48.87556;3.29639"
"Saint-Augustin;77515;48.78528;3.03083"
"Saint-Barthélemy;77320;48.81722;3.36139"
"Saint-Brice;77160;48.56778;3.32806"
"Saint-Cyr-sur-Morin;77750;48.90667;3.18250"
"Saint-Denis-lès-Rebais;77510;48.83639;3.21083"
"Saint-Fargeau-Ponthierry;77310;48.56528;2.53361"
"Saint-Fiacre;77470;48.92278;2.95472"
"Saint-Germain-Laval;77130;48.40111;2.99944"
"Saint-Germain-Laxis;77950;48.58417;2.71056"
"Saint-Germain-sous-Doue;77169;48.85278;3.14444"
"Saint-Germain-sur-École;77930;48.47556;2.50917"
"Saint-Germain-sur-Morin;77860;48.88222;2.85083"
"Saint-Hilliers;77160;48.62139;3.25889"
"Saint-Jean-les-Deux-Jumeaux;77660;48.95139;3.02000"
"Saint-Just-en-Brie;77370;48.59972;3.10472"
"Saint-Léger;77510;48.85306;3.27611"
"Saint-Loup-de-Naud;77650;48.53611;3.21083"
"Saint-Mammès;77670;48.38667;2.81139"
"Saint-Mard;77230;49.03695;2.69639"
"Saint-Mars-Vieux-Maisons;77320;48.74250;3.32111"
"Saint-Martin-des-Champs;77320;48.77861;3.33667"
"Saint-Martin-du-Boschet;77320;48.73694;3.42806"
"Saint-Martin-en-Bière;77630;48.43806;2.56806"
"Saint-Méry;77720;48.57778;2.82750"
"Saint-Mesmes;77410;48.98333;2.69417"
"Saint-Ouen-en-Brie;77720;48.55750;2.91833"
"Saint-Ouen-sur-Morin;77750;48.90556;3.19222"
"Saint-Pathus;77178;49.06972;2.80028"
"Saint-Pierre-lès-Nemours;77140;48.26639;2.68028"
"Saint-Rémy-la-Vanne;77320;48.79278;3.23333"
"Saint-Sauveur-lès-Bray;77480;48.43778;3.20889"
"Saint-Sauveur-sur-École;77930;48.49694;2.54944"
"Saint-Siméon;77169;48.79833;3.20333"
"Saint-Soupplets;77165;49.03889;2.80583"
"Saint-Thibault-des-Vignes;77400;48.86917;2.68861"
"Sainte-Aulde;77260;48.99528;3.19889"
"Sainte-Colombe;77650;48.53639;3.26528"
"Salins;77148;48.42056;3.02194"
"Sammeron;77260;48.94722;3.08694"
"Samois-sur-Seine;77920;48.45222;2.75000"
"Samoreau;77210;48.42389;2.75139"
"Sancy;77580;48.88556;2.95833"
"Sancy-lès-Provins;77320;48.69639;3.39444"
"Savigny-le-Temple;77176;48.57611;2.58389"
"Savins;77650;48.51111;3.20083"
"Seine-Port;77240;48.55778;2.54806"
"Sept-Sorts;77260;48.93750;3.10389"
"Serris;77700;48.84555;2.78778"
"Servon;77170;48.71750;2.58778"
"Signy-Signets;77640;48.92722;3.06917"
"Sigy;77520;48.47778;3.18250"
"Sivry-Courtry;77115;48.52861;2.75583"
"Sognolles-en-Montois;77520;48.51028;3.16861"
"Soignolles-en-Brie;77111;48.65306;2.69861"
"Soisy-Bouy;77650;48.51111;3.29556"
"Solers;77111;48.65861;2.71806"
"Souppes-sur-Loing;77460;48.18583;2.73278"
"Sourdun;77171;48.53695;3.34833"
"Tancrou;77440;49.00167;3.05083"
"Thénisy;77520;48.48889;3.17806"
"Thieux;77230;49.00972;2.66806"
"Thomery;77810;48.40944;2.78667"
"Thorigny-sur-Marne;77400;48.88556;2.71667"
"Thoury-Férottes;77940;48.29056;2.94333"
"Tigeaux;77163;48.82750;2.90111"
"la Tombe;77130;48.38778;3.09083"
"Torcy;77200;48.85111;2.65000"
"Touquin;77131;48.73583;3.01250"
"Tournan-en-Brie;77220;48.73944;2.76750"
"Tousson;77123;48.34667;2.45806"
"la Trétoire;77510;48.87361;3.25194"
"Treuzy-Levelay;77710;48.27694;2.80278"
"Trilbardou;77450;48.94194;2.80556"
"Trilport;77470;48.95750;2.94833"
"Trocy-en-Multien;77440;49.04222;2.96278"
"Ury;77760;48.34139;2.60194"
"Ussy-sur-Marne;77260;48.95500;3.07167"
"Vaires-sur-Marne;77360;48.87056;2.64167"
"Valence-en-Brie;77830;48.44417;2.89083"
"Vanvillé;77370;48.55556;3.10806"
"Varennes-sur-Seine;77130;48.37500;2.92667"
"Varreddes;77910;49.00167;2.92972"
"Vaucourtois;77580;48.89639;2.95306"
"le Vaudoué;77123;48.35611;2.52028"
"Vaudoy-en-Brie;77141;48.68833;3.08139"
"Vaux-le-Pénil;77000;48.52639;2.68500"
"Vaux-sur-Lunain;77710;48.22583;2.93806"
"Vendrest;77440;49.04556;3.09500"
"Verdelot;77510;48.87556;3.36806"
"Verneuil-l'Étang;77390;48.64444;2.83278"
"Vernou-la-Celle-sur-Seine;77670;48.38917;2.84889"
"Vert-Saint-Denis;77240;48.56500;2.61472"
"Vieux-Champagne;77370;48.58111;3.13944"
"Vignely;77450;48.93139;2.80861"
"Ville-Saint-Jacques;77130;48.34250;2.90000"
"Villebéon;77710;48.20694;2.94139"
"Villecerf;77250;48.32833;2.84750"
"Villemaréchal;77710;48.26667;2.86806"
"Villemareuil;77470;48.92111;2.97333"
"Villemer;77250;48.30028;2.82528"
"Villenauxe-la-Petite;77480;48.40639;3.31139"
"Villeneuve-le-Comte;77174;48.81417;2.83028"
"Villeneuve-les-Bordes;77154;48.48639;3.04333"
"Villeneuve-Saint-Denis;77174;48.81528;2.79417"
"Villeneuve-sous-Dammartin;77230;49.03333;2.64000"
"Villeneuve-sur-Bellot;77510;48.86389;3.34306"
"Villenoy;77124;48.94333;2.86361"
"Villeparisis;77270;48.94583;2.60944"
"Villeroy;77410;48.98222;2.78222"
"Villevaudé;77410;48.91639;2.65361"
"Villiers-en-Bière;77190;48.49528;2.59861"
"Villiers-Saint-Georges;77560;48.65083;3.40583"
"Villiers-sous-Grez;77760;48.32028;2.64750"
"Villiers-sur-Morin;77580;48.86111;2.88167"
"Villiers-sur-Seine;77114;48.45500;3.37611"
"Villuis;77480;48.41083;3.35556"
"Vimpelles;77520;48.43972;3.16583"
"Vinantes;77230;49.00917;2.73611"
"Vincy-Manœuvre;77139;49.07833;2.96417"
"Voinsles;77540;48.69167;3.00528"
"Voisenon;77950;48.57139;2.66500"
"Voulangis;77580;48.85139;2.89917"
"Voulton;77560;48.61833;3.33417"
"Voulx;77940;48.28083;2.96972"
"Vulaines-lès-Provins;77160;48.55972;3.21889"
"Vulaines-sur-Seine;77870;48.43195;2.76361"
"Yèbles;77390;48.63806;2.77167"
"Ablis;78660;48.51667;1.83417"
"Achères;78260;48.96194;2.07111"
"Adainville;78113;48.72278;1.65306"
"Aigremont;78240;48.90194;2.01917"
"Allainville;78660;48.45611;1.89694"
"les Alluets-le-Roi;78580;48.91389;1.91972"
"Andelu;78770;48.88000;1.82500"
"Andrésy;78570;48.98222;2.05889"
"Arnouville-lès-Mantes;78790;48.91111;1.73361"
"Aubergenville;78410;48.95972;1.85528"
"Auffargis;78610;48.70222;1.88694"
"Auffreville-Brasseuil;78930;48.95611;1.71139"
"Aulnay-sur-Mauldre;78126;48.93083;1.84083"
"Auteuil;78770;48.84167;1.81861"
"Autouillet;78770;48.84972;1.80444"
"Bailly;78870;48.84278;2.08111"
"Bazainville;78550;48.80333;1.67111"
"Bazemont;78580;48.92889;1.86528"
"Bazoches-sur-Guyonne;78490;48.77889;1.86056"
"Béhoust;78910;48.83028;1.72278"
"Bennecourt;78270;49.04000;1.56583"
"Beynes;78650;48.85695;1.87333"
"Blaru;78270;49.04778;1.47972"
"Boinville-en-Mantois;78930;48.93000;1.75722"
"Boinville-le-Gaillard;78660;48.49361;1.87167"
"Boinvilliers;78200;48.91806;1.66222"
"Bois-d'Arcy;78390;48.80333;2.04000"
"Boissets;78910;48.86083;1.58472"
"la Boissière-École;78125;48.68278;1.64528"
"Boissy-Mauvoisin;78200;48.96222;1.58000"
"Boissy-sans-Avoir;78490;48.82028;1.79444"
"Bonnelles;78830;48.61750;2.03028"
"Bonnières-sur-Seine;78270;49.03500;1.58028"
"Bouafle;78410;48.96556;1.89694"
"Bougival;78380;48.86528;2.14389"
"Bourdonné;78113;48.75583;1.66444"
"Breuil-Bois-Robert;78930;48.94528;1.71722"
"Bréval;78980;48.94444;1.53417"
"les Bréviaires;78610;48.70750;1.81306"
"Brueil-en-Vexin;78440;49.02972;1.81889"
"Buc;78530;48.77361;2.12750"
"Buchelay;78200;48.98028;1.67139"
"Bullion;78830;48.62194;1.99667"
"Carrières-sous-Poissy;78955;48.94111;2.02083"
"Carrières-sur-Seine;78420;48.91472;2.18639"
"la Celle-les-Bordes;78720;48.63528;1.95472"
"la Celle-Saint-Cloud;78170;48.84111;2.13444"
"Cernay-la-Ville;78720;48.67417;1.97472"
"Chambourcy;78240;48.90528;2.04056"
"Chanteloup-les-Vignes;78570;48.97861;2.03083"
"Chapet;78130;48.96889;1.93250"
"Châteaufort;78117;48.73750;2.09250"
"Chatou;78400;48.89611;2.15167"
"Chaufour-lès-Bonnières;78270;49.01750;1.48361"
"Chavenay;78450;48.85389;1.98750"
"Chevreuse;78460;48.70667;2.04000"
"Choisel;78460;48.68722;2.01917"
"Civry-la-Forêt;78910;48.86889;1.61972"
"Clairefontaine-en-Yvelines;78120;48.61333;1.90917"
"les Clayes-sous-Bois;78340;48.82278;1.98833"
"Coignières;78310;48.74639;1.91944"
"Condé-sur-Vesgre;78113;48.74194;1.66083"
"Conflans-Sainte-Honorine;78700;48.99917;2.09833"
"Courgent;78790;48.89500;1.65944"
"Cravent;78270;48.99139;1.49028"
"Crespières;78121;48.88361;1.92278"
"Croissy-sur-Seine;78290;48.88306;2.14250"
"Dammartin-en-Serve;78111;48.90278;1.62028"
"Dampierre-en-Yvelines;78720;48.70667;1.98750"
"Dannemarie;78550;48.76250;1.60833"
"Davron;78810;48.86611;1.94611"
"Drocourt;78440;49.05639;1.76750"
"Ecquevilly;78920;48.94944;1.92333"
"Élancourt;78990;48.78417;1.95944"
"Émancé;78125;48.59028;1.73028"
"Épône;78680;48.95639;1.81500"
"les Essarts-le-Roi;78690;48.71667;1.89361"
"l'Étang-la-Ville;78620;48.87056;2.07333"
"Évecquemont;78740;49.01306;1.94611"
"la Falaise;78410;48.94389;1.83194"
"Favrieux;78200;48.94417;1.64361"
"Feucherolles;78810;48.87305;1.97361"
"Flacourt;78200;48.92805;1.64750"
"Flexanville;78910;48.85389;1.73694"
"Flins-Neuve-Église;78790;48.89167;1.57972"
"Flins-sur-Seine;78410;48.96417;1.87306"
"Follainville-Dennemont;78520;49.02111;1.71528"
"Fontenay-le-Fleury;78330;48.81528;2.05000"
"Fontenay-Mauvoisin;78200;48.96417;1.65167"
"Fontenay-Saint-Père;78440;49.02639;1.75333"
"Freneuse;78840;49.04806;1.60250"
"Gaillon-sur-Montcient;78250;49.02583;1.89333"
"Galluis;78490;48.79611;1.79444"
"Gambais;78950;48.77361;1.67417"
"Gambaiseuil;78490;48.75667;1.73250"
"Garancières;78890;48.82167;1.75861"
"Gargenville;78440;48.99083;1.81000"
"Gazeran;78125;48.63833;1.77389"
"Gommecourt;78270;49.07528;1.59556"
"Goupillières;78770;48.87917;1.76167"
"Goussonville;78930;48.91917;1.76639"
"Grandchamp;78113;48.71889;1.62139"
"Gressey;78550;48.83417;1.60944"
"Grosrouvre;78490;48.78305;1.76083"
"Guernes;78520;49.01056;1.63778"
"Guerville;78930;48.94389;1.73417"
"Guitrancourt;78440;49.00778;1.77806"
"Guyancourt;78280;48.77194;2.07167"
"Hardricourt;78250;49.00694;1.89611"
"Hargeville;78790;48.89028;1.74528"
"la Hauteville;78113;48.70417;1.61833"
"Herbeville;78580;48.90556;1.88750"
"Hermeray;78125;48.63778;1.67556"
"Houdan;78550;48.79028;1.60111"
"Houilles;78800;48.92722;2.17833"
"Issou;78440;48.98917;1.79333"
"Jambville;78440;49.04639;1.85444"
"Jouars-Pontchartrain;78760;48.80222;1.90222"
"Jouy-en-Josas;78350;48.77028;2.16750"
"Jouy-Mauvoisin;78200;48.97111;1.64694"
"Jumeauville;78580;48.91167;1.78833"
"Juziers;78820;48.99445;1.84528"
"Lainville-en-Vexin;78440;49.05889;1.81861"
"Le Chesnay-Rocquencourt;78150;48.83055;2.12167"
"Lévis-Saint-Nom;78320;48.72445;1.95472"
"Limay;78520;48.99667;1.73222"
"Limetz-Villez;78270;49.06139;1.55028"
"les Loges-en-Josas;78350;48.76556;2.14167"
"Lommoye;78270;48.99445;1.51444"
"Longnes;78980;48.92139;1.58833"
"Longvilliers;78730;48.57861;1.99194"
"Louveciennes;78430;48.86306;2.11417"
"Magnanville;78200;48.96722;1.68417"
"Magny-les-Hameaux;78114;48.74389;2.06083"
"Maisons-Laffitte;78600;48.94806;2.14139"
"Mantes-la-Jolie;78200;48.99361;1.71111"
"Mantes-la-Ville;78711;48.97333;1.71000"
"Marcq;78770;48.86250;1.81694"
"Mareil-le-Guyon;78490;48.79083;1.85361"
"Mareil-Marly;78750;48.88278;2.07611"
"Mareil-sur-Mauldre;78124;48.89278;1.86333"
"Marly-le-Roi;78160;48.86806;2.09167"
"Maule;78580;48.90861;1.85111"
"Maulette;78550;48.79250;1.62222"
"Maurecourt;78780;48.99778;2.06333"
"Maurepas;78310;48.76778;1.92056"
"Médan;78670;48.95389;1.99417"
"Ménerville;78200;48.95389;1.60417"
"Méré;78490;48.78917;1.81972"
"Méricourt;78270;49.03695;1.62889"
"le Mesnil-le-Roi;78600;48.94194;2.13278"
"le Mesnil-Saint-Denis;78320;48.74389;1.96278"
"les Mesnuls;78490;48.75889;1.83806"
"Meulan-en-Yvelines;78250;49.00583;1.91139"
"Mézières-sur-Seine;78970;48.95972;1.79333"
"Mézy-sur-Seine;78250;49.00222;1.88167"
"Millemont;78940;48.80972;1.74639"
"Milon-la-Chapelle;78470;48.72778;2.05167"
"Mittainville;78125;48.67083;1.64500"
"Moisson;78840;49.07306;1.66944"
"Mondreville;78980;48.90361;1.55361"
"Montainville;78124;48.88278;1.86389"
"Montalet-le-Bois;78440;49.04528;1.82722"
"Montchauvet;78790;48.89278;1.63139"
"Montesson;78360;48.93000;2.13944"
"Montfort-l'Amaury;78490;48.77722;1.80917"
"Montigny-le-Bretonneux;78180;48.77167;2.02806"
"Morainvilliers;78630;48.92889;1.93778"
"Mousseaux-sur-Seine;78270;49.04333;1.65139"
"Mulcent;78790;48.87917;1.65278"
"les Mureaux;78130;48.98750;1.91722"
"Neauphle-le-Château;78640;48.81500;1.90167"
"Neauphle-le-Vieux;78640;48.81611;1.86361"
"Neauphlette;78980;48.93278;1.52417"
"Nézel;78410;48.94361;1.83667"
"Noisy-le-Roi;78590;48.84555;2.06444"
"Notre-Dame-de-la-Mer;78270;49.03500;1.54639"
"Oinville-sur-Montcient;78250;49.02778;1.85056"
"Orcemont;78125;48.58667;1.81222"
"Orgerus;78910;48.83972;1.70111"
"Orgeval;78630;48.92139;1.97556"
"Orphin;78125;48.57806;1.78250"
"Orsonville;78660;48.47778;1.83583"
"Orvilliers;78910;48.85833;1.64500"
"Osmoy;78910;48.86306;1.71750"
"Paray-Douaville;78660;48.46472;1.87806"
"le Pecq;78230;48.89417;2.11556"
"Perdreauville;78200;48.96611;1.62750"
"le Perray-en-Yvelines;78610;48.69500;1.85472"
"Plaisir;78370;48.81667;1.94778"
"Poigny-la-Forêt;78125;48.67528;1.75444"
"Poissy;78300;48.93139;2.04972"
"Ponthévrard;78730;48.55139;1.91278"
"Porcheville;78440;48.97055;1.78000"
"le Port-Marly;78560;48.87861;2.10889"
"Prunay-en-Yvelines;78660;48.52750;1.79611"
"Prunay-le-Temple;78910;48.86222;1.67361"
"la Queue-les-Yvelines;78940;48.80639;1.76750"
"Raizeux;78125;48.62361;1.68417"
"Rambouillet;78120;48.64944;1.82556"
"Rennemoulin;78590;48.83556;2.04472"
"Richebourg;78550;48.82389;1.63917"
"Rochefort-en-Yvelines;78730;48.58528;1.98944"
"Rolleboise;78270;49.01861;1.60917"
"Rosay;78790;48.91667;1.67833"
"Rosny-sur-Seine;78710;48.99944;1.63000"
"Sailly;78440;49.04000;1.80222"
"Saint-Arnoult-en-Yvelines;78730;48.57250;1.94056"
"Saint-Cyr-l'École;78210;48.80167;2.06278"
"Saint-Forget;78720;48.70444;2.01194"
"Saint-Germain-de-la-Grange;78640;48.83528;1.89917"
"Saint-Germain-en-Laye;78100;48.89528;2.08917"
"Saint-Hilarion;78125;48.62083;1.73361"
"Saint-Illiers-la-Ville;78980;48.97639;1.54028"
"Saint-Illiers-le-Bois;78980;48.95944;1.50806"
"Saint-Lambert;78470;48.73278;2.02083"
"Saint-Léger-en-Yvelines;78610;48.72083;1.76694"
"Saint-Martin-de-Bréthencourt;78660;48.50917;1.93000"
"Saint-Martin-des-Champs;78790;48.88139;1.71889"
"Saint-Martin-la-Garenne;78520;49.04083;1.69056"
"Saint-Nom-la-Bretèche;78860;48.85750;2.01861"
"Saint-Rémy-l'Honoré;78690;48.75694;1.88222"
"Saint-Rémy-lès-Chevreuse;78470;48.70972;2.06861"
"Sainte-Mesme;78730;48.53167;1.96222"
"Sartrouville;78500;48.93722;2.16444"
"Saulx-Marchais;78650;48.84167;1.83556"
"Senlisse;78720;48.68917;1.98389"
"Septeuil;78790;48.89417;1.68167"
"Soindres;78200;48.95750;1.67444"
"Sonchamp;78120;48.57583;1.87750"
"Tacoignières;78910;48.83472;1.67556"
"le Tartre-Gaudran;78113;48.69972;1.59750"
"le Tertre-Saint-Denis;78980;48.93861;1.60722"
"Tessancourt-sur-Aubette;78250;49.02444;1.92139"
"Thiverval-Grignon;78850;48.84945;1.91722"
"Thoiry;78770;48.86667;1.79861"
"Tilly;78790;48.88278;1.57778"
"Toussus-le-Noble;78117;48.74667;2.11306"
"Trappes;78190;48.77722;2.00861"
"le Tremblay-sur-Mauldre;78490;48.77861;1.87806"
"Triel-sur-Seine;78510;48.97139;2.00944"
"Vaux-sur-Seine;78740;49.00694;1.96194"
"Vélizy-Villacoublay;78140;48.78806;2.17444"
"Verneuil-sur-Seine;78480;48.98111;1.97333"
"Vernouillet;78540;48.97389;1.98639"
"la Verrière;78320;48.75555;1.95611"
"Versailles   ;78000;48.80695;2.13667"
"Vert;78930;48.94111;1.69083"
"le Vésinet;78110;48.88889;2.13167"
"Vicq;78490;48.81611;1.83611"
"Vieille-Église-en-Yvelines;78125;48.67000;1.87528"
"la Villeneuve-en-Chevrie;78270;49.01444;1.52889"
"Villennes-sur-Seine;78670;48.93806;1.99528"
"Villepreux;78450;48.83444;2.01306"
"Villette;78930;48.92750;1.69417"
"Villiers-le-Mahieu;78770;48.86139;1.77361"
"Villiers-Saint-Fréderic;78640;48.82056;1.89278"
"Viroflay;78220;48.80806;2.17222"
"Voisins-le-Bretonneux;78960;48.75917;2.05167"
"Abbéville-la-Rivière;91150;48.34667;2.16833"
"Angerville;91670;48.31222;1.99722"
"Angervilliers;91470;48.59278;2.06389"
"Arpajon;91290;48.59028;2.25028"
"Arrancourt;91690;48.34167;2.16167"
"Athis-Mons;91200;48.70250;2.37222"
"Authon-la-Plaine;91410;48.45139;1.95806"
"Auvernaux;91830;48.53000;2.49389"
"Auvers-Saint-Georges;91580;48.49194;2.21806"
"Avrainville;91630;48.56250;2.24889"
"Ballainvilliers;91160;48.67694;2.29278"
"Ballancourt-sur-Essonne;91610;48.52500;2.38500"
"Baulne;91590;48.49472;2.36083"
"Bièvres;91570;48.75528;2.21639"
"Blandy;91150;48.31361;2.25722"
"Boigneville;91720;48.33556;2.37222"
"Bois-Herpin;91150;48.36917;2.23472"
"Boissy-la-Rivière;91690;48.37556;2.15361"
"Boissy-le-Cutté;91590;48.47194;2.28333"
"Boissy-le-Sec;91870;48.47889;2.08944"
"Boissy-sous-Saint-Yon;91790;48.55806;2.21000"
"Bondoufle;91070;48.61583;2.38139"
"Boullay-les-Troux;91470;48.67861;2.05111"
"Bouray-sur-Juine;91850;48.52167;2.30056"
"Boussy-Saint-Antoine;91800;48.69056;2.53278"
"Boutervilliers;91150;48.45306;2.05694"
"Boutigny-sur-Essonne;91820;48.43694;2.37833"
"Bouville;91880;48.43278;2.28500"
"Brétigny-sur-Orge;91220;48.61056;2.30889"
"Breuillet;91650;48.56694;2.17056"
"Breux-Jouy;91650;48.56139;2.17639"
"Brières-les-Scellés;91150;48.45722;2.13944"
"Briis-sous-Forges;91640;48.62417;2.12389"
"Brouy;91150;48.31694;2.27889"
"Brunoy;91800;48.70555;2.51028"
"Bruyères-le-Châtel;91680;48.59306;2.18750"
"Buno-Bonnevaux;91720;48.36083;2.38833"
"Bures-sur-Yvette;91440;48.69750;2.16222"
"Cerny;91590;48.47472;2.32750"
"Chalo-Saint-Mars;91780;48.42611;2.06556"
"Chalou-Moulineux;91740;48.38417;2.02333"
"Chamarande;91730;48.51417;2.21972"
"Champcueil;91750;48.51528;2.44778"
"Champlan;91160;48.70917;2.27056"
"Champmotteux;91150;48.34278;2.32111"
"Chatignonville;91410;48.46889;1.93278"
"Chauffour-lès-Étréchy;91580;48.50195;2.17028"
"Cheptainville;91630;48.55083;2.26500"
"Chevannes;91750;48.53083;2.44278"
"Chilly-Mazarin;91380;48.70278;2.31972"
"Congerville-Thionville;91740;48.37833;1.99583"
"Corbeil-Essonnes;91100;48.61056;2.47722"
"Corbreuse;91410;48.50195;1.96028"
"le Coudray-Montceaux;91830;48.56139;2.50694"
"Courances;91490;48.44083;2.47583"
"Courdimanche-sur-Essonne;91720;48.41833;2.37889"
"Courson-Monteloup;91680;48.60056;2.14972"
"Crosne;91560;48.71778;2.46333"
"D'Huison-Longueville;91590;48.46278;2.32000"
"Dannemois;91490;48.45250;2.47611"
"Dourdan;91410;48.52833;2.01250"
"Draveil;91210;48.68639;2.41139"
"Écharcon;91540;48.57333;2.40639"
"Égly;91520;48.58028;2.22472"
"Épinay-sous-Sénart;91860;48.69444;2.51694"
"Épinay-sur-Orge;91360;48.67472;2.32639"
"Étampes;91150;48.43222;2.16083"
"Étiolles;91450;48.63722;2.47333"
"Étréchy;91580;48.49306;2.19056"
"Évry-Courcouronnes    ;91000;48.63583;2.44250"
"la Ferté-Alais;91590;48.48667;2.35056"
"Fleury-Mérogis;91700;48.62889;2.36167"
"Fontaine-la-Rivière;91690;48.35722;2.15389"
"Fontenay-le-Vicomte;91540;48.54722;2.40083"
"Fontenay-lès-Briis;91640;48.61945;2.15861"
"la Forêt-le-Roi;91410;48.47889;2.04361"
"la Forêt-Sainte-Croix;91150;48.38278;2.23000"
"Forges-les-Bains;91470;48.62806;2.10028"
"Gif-sur-Yvette;91190;48.70361;2.12889"
"Gironville-sur-Essonne;91720;48.37083;2.38000"
"Gometz-la-Ville;91400;48.67222;2.12556"
"Gometz-le-Châtel;91940;48.67889;2.14028"
"les Granges-le-Roi;91410;48.50361;2.02111"
"Grigny;91350;48.65722;2.38861"
"Guibeville;91630;48.57139;2.27056"
"Guigneville-sur-Essonne;91590;48.47361;2.35667"
"Guillerval;91690;48.36417;2.10000"
"Igny;91430;48.73000;2.22472"
"Itteville;91760;48.51556;2.34167"
"Janville-sur-Juine;91510;48.51444;2.26333"
"Janvry;91640;48.64806;2.15417"
"Juvisy-sur-Orge;91260;48.69250;2.37722"
"Lardy;91510;48.52194;2.26611"
"Le Mérévillois;91660;48.31556;2.08806"
"Leudeville;91630;48.56639;2.32722"
"Leuville-sur-Orge;91310;48.61555;2.26333"
"Limours;91470;48.64528;2.07667"
"Linas;91310;48.63139;2.27139"
"Lisses;91090;48.59833;2.42500"
"Longjumeau;91160;48.69750;2.29694"
"Longpont-sur-Orge;91310;48.64305;2.29222"
"Maisse;91720;48.39667;2.37667"
"Marcoussis;91460;48.64333;2.23111"
"Marolles-en-Beauce;91150;48.37472;2.20139"
"Marolles-en-Hurepoix;91630;48.56194;2.30361"
"Massy;91300;48.73250;2.27667"
"Mauchamps;91730;48.53056;2.19611"
"Mennecy;91540;48.56750;2.43417"
"Mérobert;91780;48.41556;2.00583"
"Mespuits;91150;48.35750;2.27139"
"Milly-la-Forêt;91490;48.40250;2.46556"
"Moigny-sur-École;91490;48.43361;2.45806"
"les Molières;91470;48.67333;2.06972"
"Mondeville;91590;48.49167;2.41583"
"Monnerville;91930;48.34639;2.04389"
"Montgeron;91230;48.70500;2.45889"
"Montlhéry;91310;48.64139;2.27222"
"Morangis;91420;48.69889;2.33000"
"Morigny-Champigny;91150;48.44695;2.18472"
"Morsang-sur-Orge;91390;48.65222;2.35500"
"Morsang-sur-Seine;91250;48.57139;2.49361"
"Nainville-les-Roches;91750;48.50611;2.49556"
"la Norville;91290;48.58194;2.26167"
"Nozay;91620;48.66000;2.24194"
"Ollainville;91340;48.58972;2.22083"
"Oncy-sur-École;91490;48.38111;2.47528"
"Ormoy;91540;48.57667;2.44778"
"Ormoy-la-Rivière;91150;48.40306;2.15028"
"Orsay;91400;48.69806;2.18583"
"Orveau;91590;48.44861;2.29278"
"Palaiseau;91120;48.71222;2.23889"
"Paray-Vieille-Poste;91550;48.70972;2.36500"
"Pecqueuse;91470;48.64694;2.04778"
"le Plessis-Pâté;91220;48.61278;2.32806"
"Plessis-Saint-Benoist;91410;48.44417;2.00528"
"Prunay-sur-Essonne;91720;48.35750;2.37306"
"Puiselet-le-Marais;91150;48.40556;2.26361"
"Pussay;91740;48.35056;1.99444"
"Quincy-sous-Sénart;91480;48.67167;2.53306"
"Richarville;91410;48.47139;2.00111"
"Ris-Orangis;91130;48.65500;2.41361"
"Roinville;91410;48.53111;2.04639"
"Roinvilliers;91150;48.35639;2.24167"
"Saclas;91690;48.36028;2.12694"
"Saclay;91400;48.73111;2.17500"
"Saint-Aubin;91190;48.71500;2.14139"
"Saint-Chéron;91530;48.55361;2.12389"
"Saint-Cyr-la-Rivière;91690;48.35556;2.14778"
"Saint-Cyr-sous-Dourdan;91410;48.57028;2.03444"
"Saint-Escobille;91410;48.43083;1.96861"
"Saint-Germain-lès-Arpajon;91180;48.59778;2.26889"
"Saint-Germain-lès-Corbeil;91250;48.62167;2.48833"
"Saint-Hilaire;91780;48.43500;2.07972"
"Saint-Jean-de-Beauregard;91940;48.66417;2.16861"
"Saint-Maurice-Montcouronne;91530;48.58111;2.12389"
"Saint-Michel-sur-Orge;91240;48.64194;2.31194"
"Saint-Pierre-du-Perray;91280;48.61333;2.50472"
"Saint-Sulpice-de-Favières;91910;48.54167;2.17917"
"Saint-Vrain;91770;48.54250;2.33500"
"Saint-Yon;91650;48.55889;2.19111"
"Sainte-Geneviève-des-Bois;91700;48.64944;2.32500"
"Saintry-sur-Seine;91250;48.60028;2.49389"
"Saulx-les-Chartreux;91160;48.69250;2.26750"
"Savigny-sur-Orge;91600;48.68972;2.35306"
"Sermaise;91530;48.53639;2.08194"
"Soisy-sur-École;91840;48.47639;2.49583"
"Soisy-sur-Seine;91450;48.64583;2.45111"
"Souzy-la-Briche;91580;48.52861;2.15111"
"Tigery;91250;48.63944;2.50806"
"Torfou;91730;48.53111;2.22694"
"les Ulis;91940;48.68278;2.16528"
"le Val-Saint-Germain;91530;48.56528;2.06167"
"Valpuiseaux;91720;48.39417;2.30472"
"Varennes-Jarcy;91480;48.67889;2.56111"
"Vaugrigneuse;91640;48.60278;2.12083"
"Vauhallan;91430;48.73472;2.20583"
"Vayres-sur-Essonne;91820;48.43861;2.35389"
"Verrières-le-Buisson;91370;48.74278;2.26889"
"Vert-le-Grand;91810;48.57278;2.36139"
"Vert-le-Petit;91710;48.55139;2.36667"
"Videlles;91890;48.46472;2.43139"
"Vigneux-sur-Seine;91270;48.69917;2.43694"
"Villabé;91100;48.58889;2.45583"
"la Ville-du-Bois;91620;48.66111;2.26833"
"Villebon-sur-Yvette;91140;48.69806;2.22694"
"Villeconin;91580;48.51472;2.12639"
"Villejust;91140;48.68333;2.23639"
"Villemoisson-sur-Orge;91360;48.65750;2.33361"
"Villeneuve-sur-Auvers;91580;48.47472;2.24889"
"Villiers-le-Bâcle;91190;48.72556;2.12694"
"Villiers-sur-Orge;91700;48.66083;2.30500"
"Viry-Châtillon;91170;48.67778;2.37583"
"Wissous;91320;48.73667;2.32750"
"Yerres;91330;48.71861;2.50611"
"Antony;92160;48.75306;2.29833"
"Asnières-sur-Seine;92600;48.91250;2.28139"
"Bagneux;92220;48.79639;2.31056"
"Bois-Colombes;92270;48.92028;2.27111"
"Boulogne-Billancourt;92100;48.83972;2.24222"
"Bourg-la-Reine;92340;48.78028;2.31694"
"Châtenay-Malabry;92290;48.76805;2.28111"
"Châtillon;92320;48.80472;2.28667"
"Chaville;92370;48.80361;2.18583"
"Clamart;92140;48.80028;2.26417"
"Clichy;92110;48.90528;2.30889"
"Colombes;92700;48.92250;2.25222"
"Courbevoie;92400;48.90000;2.24361"
"Fontenay-aux-Roses;92260;48.79000;2.29194"
"Garches;92380;48.84528;2.18528"
"la Garenne-Colombes;92250;48.90889;2.25250"
"Gennevilliers;92230;48.92861;2.30028"
"Issy-les-Moulineaux;92130;48.82444;2.27167"
"Levallois-Perret;92300;48.89639;2.29028"
"Malakoff;92240;48.81694;2.29444"
"Marnes-la-Coquette;92430;48.83055;2.17917"
"Meudon;92190;48.81222;2.23333"
"Montrouge;92120;48.81611;2.32083"
"Nanterre   ;92000;48.89056;2.20889"
"Neuilly-sur-Seine;92200;48.88861;2.27083"
"le Plessis-Robinson;92350;48.78305;2.26250"
"Puteaux;92800;48.88528;2.23917"
"Rueil-Malmaison;92500;48.87167;2.19278"
"Saint-Cloud;92210;48.84833;2.21111"
"Sceaux;92330;48.77806;2.29750"
"Sèvres;92310;48.82361;2.21444"
"Suresnes;92150;48.87056;2.22472"
"Vanves;92170;48.82417;2.28917"
"Vaucresson;92420;48.84333;2.15472"
"Ville-d'Avray;92410;48.82806;2.19083"
"Villeneuve-la-Garenne;92390;48.93472;2.32861"
"Aubervilliers;93300;48.91306;2.38306"
"Aulnay-sous-Bois;93600;48.93861;2.49056"
"Bagnolet;93170;48.86917;2.41806"
"le Blanc-Mesnil;93150;48.93417;2.46750"
"Bobigny   ;93000;48.90778;2.44194"
"Bondy;93140;48.90361;2.47472"
"le Bourget;93350;48.93583;2.43083"
"Clichy-sous-Bois;93390;48.90667;2.54111"
"Coubron;93470;48.91556;2.57722"
"la Courneuve;93120;48.92778;2.40667"
"Drancy;93700;48.92361;2.44972"
"Dugny;93440;48.95444;2.41500"
"Épinay-sur-Seine;93800;48.95861;2.30361"
"Gagny;93220;48.88445;2.53444"
"Gournay-sur-Marne;93460;48.85972;2.57528"
"l'Île-Saint-Denis;93450;48.93833;2.33806"
"les Lilas;93260;48.88083;2.42333"
"Livry-Gargan;93190;48.92028;2.52083"
"Montfermeil;93370;48.89472;2.55583"
"Montreuil;93100;48.86500;2.44667"
"Neuilly-Plaisance;93360;48.86278;2.50167"
"Neuilly-sur-Marne;93330;48.85944;2.53333"
"Noisy-le-Grand;93160;48.85000;2.55250"
"Noisy-le-Sec;93130;48.89278;2.46250"
"Pantin;93500;48.89222;2.41222"
"les Pavillons-sous-Bois;93320;48.90361;2.49944"
"le Pré-Saint-Gervais;93310;48.88528;2.40361"
"le Raincy;93340;48.89722;2.51917"
"Romainville;93230;48.88083;2.44028"
"Rosny-sous-Bois;93110;48.87556;2.48194"
"Saint-Denis;93200;48.93056;2.35556"
"Saint-Ouen;93400;48.90917;2.33722"
"Sevran;93270;48.94056;2.52389"
"Stains;93240;48.95306;2.37611"
"Tremblay-en-France;93290;48.98333;2.55667"
"Vaujours;93410;48.93195;2.56889"
"Villemomble;93250;48.88889;2.50444"
"Villepinte;93420;48.95889;2.54222"
"Villetaneuse;93430;48.95694;2.34667"
"Ablon-sur-Seine;94480;48.72778;2.41694"
"Alfortville;94140;48.80528;2.41778"
"Arcueil;94110;48.80333;2.33083"
"Boissy-Saint-Léger;94470;48.74972;2.51611"
"Bonneuil-sur-Marne;94380;48.77555;2.48528"
"Bry-sur-Marne;94360;48.84361;2.51722"
"Cachan;94230;48.79500;2.32861"
"Champigny-sur-Marne;94500;48.81861;2.50750"
"Charenton-le-Pont;94220;48.82361;2.40556"
"Chennevières-sur-Marne;94430;48.80111;2.52806"
"Chevilly-Larue;94550;48.77306;2.35278"
"Choisy-le-Roi;94600;48.76444;2.40861"
"Créteil   ;94000;48.79333;2.46083"
"Fontenay-sous-Bois;94120;48.84889;2.46972"
"Fresnes;94260;48.75694;2.32167"
"Gentilly;94250;48.81500;2.33833"
"l'Haÿ-les-Roses;94240;48.77694;2.33778"
"Ivry-sur-Seine;94200;48.81611;2.38611"
"Joinville-le-Pont;94340;48.82333;2.47500"
"le Kremlin-Bicêtre;94270;48.81083;2.35667"
"Limeil-Brévannes;94450;48.74694;2.47917"
"Maisons-Alfort;94700;48.80667;2.43750"
"Mandres-les-Roses;94520;48.70111;2.54306"
"Marolles-en-Brie;94440;48.73333;2.55222"
"Nogent-sur-Marne;94130;48.83833;2.48333"
"Noiseau;94880;48.77667;2.55111"
"Orly;94310;48.74667;2.40389"
"Ormesson-sur-Marne;94490;48.78944;2.53889"
"Périgny;94520;48.69556;2.55056"
"le Perreux-sur-Marne;94170;48.84111;2.50528"
"le Plessis-Trévise;94420;48.81250;2.56694"
"la Queue-en-Brie;94510;48.78639;2.57889"
"Rungis;94150;48.74750;2.35056"
"Saint-Mandé;94160;48.84528;2.41472"
"Saint-Maur-des-Fossés;94100;48.79944;2.50500"
"Saint-Maurice;94410;48.82222;2.42222"
"Santeny;94440;48.72556;2.57333"
"Sucy-en-Brie;94370;48.76778;2.51833"
"Thiais;94320;48.76278;2.39000"
"Valenton;94460;48.74694;2.46583"
"Villecresnes;94440;48.72278;2.53806"
"Villejuif;94800;48.79000;2.36000"
"Villeneuve-le-Roi;94290;48.73583;2.42861"
"Villeneuve-Saint-Georges;94190;48.73500;2.45389"
"Villiers-sur-Marne;94350;48.82972;2.54361"
"Vincennes;94300;48.84945;2.44000"
"Vitry-sur-Seine;94400;48.79445;2.38889"
"Ableiges;95450;49.08861;1.98222"
"Aincourt;95510;49.07250;1.77361"
"Ambleville;95710;49.15000;1.69944"
"Amenucourt;95510;49.10639;1.64083"
"Andilly;95580;49.00333;2.29972"
"Argenteuil;95100;48.95972;2.23972"
"Arnouville-lès-Gonesse;95400;48.99250;2.41694"
"Arronville;95810;49.17972;2.11500"
"Arthies;95420;49.09555;1.79167"
"Asnières-sur-Oise;95270;49.13139;2.35667"
"Attainville;95570;49.05611;2.34694"
"Auvers-sur-Oise;95430;49.07083;2.16972"
"Avernes;95450;49.08500;1.87389"
"Baillet-en-France;95560;49.06083;2.29972"
"Banthelu;95420;49.12583;1.81556"
"Beauchamp;95250;49.01444;2.19667"
"Beaumont-sur-Oise;95260;49.14167;2.29056"
"le Bellay-en-Vexin;95750;49.15167;1.88750"
"Bellefontaine;95270;49.09722;2.46667"
"Belloy-en-France;95270;49.08805;2.37083"
"Bernes-sur-Oise;95340;49.15861;2.30194"
"Berville;95810;49.18972;2.07167"
"Bessancourt;95550;49.03695;2.21667"
"Béthemont-la-Forêt;95840;49.05250;2.25222"
"Bezons;95870;48.93083;2.20833"
"Boisemont;95000;49.02389;2.00750"
"Boissy-l'Aillerie;95650;49.07722;2.03167"
"Bonneuil-en-France;95500;48.97556;2.43222"
"Bouffémont;95570;49.04222;2.29750"
"Bouqueval;95720;49.02306;2.42556"
"Bray-et-Lû;95710;49.13889;1.66278"
"Bréançon;95640;49.14194;2.02278"
"Brignancourt;95640;49.13694;1.94472"
"Bruyères-sur-Oise;95820;49.15694;2.33111"
"Buhy;95770;49.19472;1.69250"
"Butry-sur-Oise;95430;49.08444;2.19722"
"Cergy;95000;49.03389;2.06306"
"Champagne-sur-Oise;95660;49.13306;2.23167"
"la Chapelle-en-Vexin;95420;49.18528;1.73278"
"Charmont;95420;49.13528;1.79111"
"Chars;95750;49.15944;1.94083"
"Châtenay-en-France;95190;49.06556;2.45778"
"Chaumontel;95270;49.12278;2.43250"
"Chaussy;95710;49.12111;1.69250"
"Chauvry;95560;49.05333;2.26667"
"Chennevières-lès-Louvres;95380;49.04445;2.55194"
"Chérence;95510;49.08889;1.67694"
"Cléry-en-Vexin;95420;49.12750;1.84111"
"Commeny;95450;49.12667;1.89194"
"Condécourt;95450;49.04028;1.94333"
"Cormeilles-en-Parisis;95240;48.97361;2.19861"
"Cormeilles-en-Vexin;95830;49.11528;2.02028"
"Courcelles-sur-Viosne;95650;49.07500;2.00472"
"Courdimanche;95800;49.03472;2.00139"
"Deuil-la-Barre;95170;48.97611;2.32750"
"Domont;95330;49.03222;2.33444"
"Eaubonne;95600;48.98917;2.27889"
"Écouen;95440;49.01833;2.38222"
"Enghien-les-Bains;95880;48.96833;2.31000"
"Ennery;95300;49.07528;2.10528"
"Épiais-lès-Louvres;95380;49.03056;2.55778"
"Épiais-Rhus;95810;49.12167;2.06444"
"Épinay-Champlâtreux;95270;49.08472;2.41528"
"Éragny;95610;49.02361;2.09111"
"Ermont;95120;48.98583;2.25750"
"Ézanville;95460;49.02917;2.36306"
"Fontenay-en-Parisis;95190;49.05389;2.45028"
"Fosses;95470;49.09528;2.48778"
"Franconville;95130;48.99222;2.22778"
"Frémainville;95450;49.06556;1.86861"
"Frémécourt;95830;49.11889;2.00139"
"Frépillon;95740;49.04972;2.20750"
"la Frette-sur-Seine;95530;48.97417;2.18111"
"Frouville;95690;49.14694;2.15056"
"Garges-lès-Gonesse;95140;48.97333;2.39083"
"Genainville;95420;49.12444;1.75250"
"Génicourt;95650;49.08833;2.06889"
"Gonesse;95500;48.98472;2.44917"
"Goussainville;95190;49.03167;2.46972"
"Grisy-les-Plâtres;95810;49.13028;2.05222"
"Groslay;95410;48.98889;2.35278"
"Guiry-en-Vexin;95450;49.10806;1.85111"
"Haravilliers;95640;49.17278;2.05583"
"Haute-Isle;95780;49.08444;1.66056"
"le Heaulme;95640;49.16500;2.00083"
"Hédouville;95690;49.15139;2.16972"
"Herblay;95220;48.99389;2.16028"
"Hérouville;95300;49.10056;2.13306"
"Hodent;95420;49.14472;1.77000"
"l'Isle-Adam;95290;49.10944;2.22167"
"Jagny-sous-Bois;95850;49.07750;2.44306"
"Jouy-le-Moutier;95280;49.01639;2.04639"
"Labbeville;95690;49.13445;2.14528"
"Lassy;95270;49.09583;2.44667"
"Livilliers;95300;49.09500;2.09667"
"Longuesse;95450;49.06111;1.93333"
"Louvres;95380;49.03889;2.50472"
"Luzarches;95270;49.11139;2.42250"
"Maffliers;95560;49.07722;2.30972"
"Magny-en-Vexin;95420;49.16111;1.80667"
"Mareil-en-France;95850;49.06861;2.42667"
"Margency;95580;49.00139;2.29111"
"Marines;95640;49.14444;1.98222"
"Marly-la-Ville;95670;49.07722;2.49889"
"Maudétour-en-Vexin;95420;49.09972;1.77583"
"Menouville;95810;49.14972;2.11056"
"Menucourt;95180;49.02333;1.98722"
"Mériel;95630;49.07778;2.20500"
"Méry-sur-Oise;95540;49.06167;2.18694"
"le Mesnil-Aubry;95720;49.04972;2.39528"
"Moisselles;95570;49.04889;2.33639"
"Montgeroult;95650;49.08278;2.00472"
"Montigny-lès-Cormeilles;95370;48.99861;2.20056"
"Montlignon;95680;49.00889;2.28472"
"Montmagny;95360;48.97361;2.34306"
"Montmorency;95160;48.98833;2.32167"
"Montreuil-sur-Epte;95770;49.17778;1.67944"
"Montsoult;95560;49.06917;2.31139"
"Mours;95260;49.13194;2.27083"
"Moussy;95640;49.13694;1.91056"
"Nerville-la-Forêt;95590;49.08861;2.27778"
"Nesles-la-Vallée;95690;49.12806;2.17139"
"Neuilly-en-Vexin;95640;49.16750;1.97722"
"Neuville-sur-Oise;95000;49.01333;2.06306"
"Nointel;95590;49.12778;2.29250"
"Noisy-sur-Oise;95270;49.13500;2.33167"
"Nucourt;95420;49.15889;1.85444"
"Omerville;95420;49.14111;1.72000"
"Osny;95520;49.05917;2.05611"
"Parmain;95620;49.11389;2.20639"
"le Perchay;95450;49.10972;1.93556"
"Persan;95340;49.15055;2.27389"
"Pierrelaye;95220;49.02222;2.15333"
"Piscop;95350;49.01083;2.34389"
"le Plessis-Bouchard;95130;49.00167;2.23944"
"le Plessis-Gassot;95720;49.03194;2.41361"
"le Plessis-Luzarches;95270;49.09444;2.45389"
"Pontoise   ;95000;49.05167;2.09417"
"Presles;95590;49.11417;2.28194"
"Puiseux-en-France;95380;49.06667;2.47583"
"Puiseux-Pontoise;95650;49.05695;2.02167"
"la Roche-Guyon;95780;49.08222;1.63000"
"Roissy-en-France;95700;49.00306;2.51556"
"Ronquerolles;95340;49.16611;2.22167"
"Sagy;95450;49.04889;1.95444"
"Saint-Brice-sous-Forêt;95350;48.99805;2.35389"
"Saint-Clair-sur-Epte;95770;49.20917;1.68194"
"Saint-Cyr-en-Arthies;95510;49.06055;1.74417"
"Saint-Gervais;95420;49.16917;1.77139"
"Saint-Gratien;95210;48.97472;2.28667"
"Saint-Leu-la-Forêt;95320;49.01444;2.24389"
"Saint-Martin-du-Tertre;95270;49.10695;2.34861"
"Saint-Ouen-l'Aumône;95310;49.04194;2.11222"
"Saint-Prix;95390;49.00917;2.26278"
"Saint-Witz;95470;49.09195;2.56889"
"Sannois;95110;48.97472;2.25583"
"Santeuil;95640;49.12528;1.95444"
"Sarcelles;95200;48.99972;2.37750"
"Seraincourt;95450;49.03556;1.86806"
"Seugy;95270;49.11945;2.39333"
"Soisy-sous-Montmorency;95230;48.98778;2.30111"
"Survilliers;95470;49.09667;2.54333"
"Taverny;95150;49.02222;2.22528"
"Théméricourt;95450;49.08556;1.89889"
"Theuville;95810;49.15361;2.07389"
"le Thillay;95500;49.00611;2.47250"
"Us;95450;49.10083;1.96722"
"Vallangoujard;95810;49.13722;2.11500"
"Valmondois;95760;49.09444;2.19194"
"Vaudherland;95500;49.00139;2.48639"
"Vauréal;95490;49.03472;2.03139"
"Vémars;95470;49.06972;2.57028"
"Vétheuil;95510;49.06250;1.70472"
"Viarmes;95270;49.12556;2.37111"
"Vienne-en-Arthies;95510;49.06667;1.73500"
"Vigny;95450;49.07694;1.92917"
"Villaines-sous-Bois;95570;49.07500;2.35806"
"Villeron;95380;49.05611;2.54278"
"Villers-en-Arthies;95510;49.08889;1.72667"
"Villiers-Adam;95840;49.06306;2.23528"
"Villiers-le-Bel;95400;49.00583;2.38917"
"Villiers-le-Sec;95720;49.07139;2.39083"
"Wy-dit-Joli-Village;95420;49.10389;1.83500"
